Day,Month,Year,Time,BME280_2_1_T,BME280_2_1_RH,BME280_2_1_P,BME280_8_2_T,BME280_8_2_RH,BME280_8_2_P,SHT31_5_1_T,SHT31_5_1_RH,SHT31_7_2_T,SHT31_7_2_RH,MLX90614_3_1_amb_T,MLX90614_3_1_obj_T
7,Nov,2024,17:20:39,44.03, 91.35, 778.22, 43.7, 92.14, 778.02, 44.15, 95.85, 44.14, 94.24, 43.77, 43.13
7,Nov,2024,17:20:49,43.95, 91.29, 778.17, 43.63, 92.15, 777.99, 44.06, 95.84, 44.07, 94.25, 43.69, 43.09
7,Nov,2024,17:20:59,43.9, 91.21, 778.19, 43.58, 92.49, 778.0, 44.05, 95.85, 44.0, 94.27, 43.69, 43.09
7,Nov,2024,17:21:09,43.88, 91.38, 778.2, 43.54, 92.22, 777.99, 43.99, 95.86, 44.02, 94.27, 43.63, 43.07
7,Nov,2024,17:21:19,43.83, 91.42, 778.2, 43.49, 92.14, 777.99, 43.96, 95.9, 43.93, 94.25, 43.63, 43.01
7,Nov,2024,17:21:29,43.78, 91.45, 778.22, 43.45, 92.21, 778.0, 43.91, 95.88, 43.9, 94.26, 43.55, 42.93
7,Nov,2024,17:21:39,43.73, 91.49, 778.22, 43.39, 92.21, 778.01, 43.85, 95.92, 43.85, 94.29, 43.49, 42.89
7,Nov,2024,17:21:49,43.69, 91.49, 778.2, 43.35, 92.23, 777.98, 43.81, 95.92, 43.82, 94.25, 43.47, 42.91
7,Nov,2024,17:21:59,43.65, 91.55, 778.25, 43.31, 92.51, 777.99, 43.75, 95.94, 43.78, 94.3, 43.41, 42.81
7,Nov,2024,17:22:09,43.6, 91.51, 778.22, 43.26, 92.27, 778.0, 43.74, 95.93, 43.72, 94.28, 43.39, 42.73
7,Nov,2024,17:22:19,43.55, 91.54, 778.23, 43.23, 92.47, 777.97, 43.68, 95.93, 43.68, 94.29, 43.33, 42.79
7,Nov,2024,17:22:29,43.51, 91.57, 778.21, 43.18, 92.63, 778.0, 43.65, 95.99, 43.63, 94.28, 43.27, 42.71
7,Nov,2024,17:22:39,43.48, 91.58, 778.21, 43.13, 92.33, 777.96, 43.58, 95.94, 43.61, 94.34, 43.23, 42.69
7,Nov,2024,17:22:49,43.43, 91.61, 778.22, 43.1, 92.3, 777.97, 43.57, 95.93, 43.55, 94.31, 43.21, 42.59
7,Nov,2024,17:22:59,43.39, 91.64, 778.22, 43.05, 92.33, 777.96, 43.5, 96.0, 43.49, 94.27, 43.15, 42.61
7,Nov,2024,17:23:09,43.34, 91.62, 778.22, 43.02, 92.37, 777.97, 43.5, 95.98, 43.45, 94.26, 43.13, 42.59
7,Nov,2024,17:23:19,43.3, 91.65, 778.19, 42.97, 92.44, 777.99, 43.44, 96.01, 43.41, 94.3, 43.05, 42.51
7,Nov,2024,17:23:29,43.26, 91.68, 778.2, 42.92, 92.44, 778.0, 43.37, 95.99, 43.35, 94.29, 43.05, 42.41
7,Nov,2024,17:23:39,43.21, 91.67, 778.2, 42.88, 92.43, 777.98, 43.35, 96.01, 43.34, 94.33, 43.01, 42.41
7,Nov,2024,17:23:49,43.18, 91.7, 778.23, 42.84, 92.56, 777.96, 43.3, 96.01, 43.31, 94.32, 42.97, 42.35
7,Nov,2024,17:23:59,43.13, 91.73, 778.19, 42.8, 92.46, 777.98, 43.26, 96.05, 43.24, 94.35, 42.91, 42.31
7,Nov,2024,17:24:09,43.09, 91.75, 778.18, 42.76, 92.5, 777.98, 43.2, 96.05, 43.21, 94.38, 42.89, 42.33
7,Nov,2024,17:24:19,43.05, 91.78, 778.19, 42.72, 92.56, 777.99, 43.16, 96.07, 43.14, 94.32, 42.83, 42.23
7,Nov,2024,17:24:29,43.0, 91.79, 778.22, 42.67, 92.55, 777.98, 43.13, 96.07, 43.1, 94.37, 42.79, 42.21
7,Nov,2024,17:24:39,42.96, 91.74, 778.18, 42.62, 92.55, 777.96, 43.09, 96.11, 43.07, 94.37, 42.73, 42.19
7,Nov,2024,17:24:49,42.91, 91.66, 778.19, 42.58, 92.7, 777.96, 43.05, 96.1, 43.0, 94.4, 42.69, 42.19
7,Nov,2024,17:24:59,42.88, 91.81, 778.2, 42.54, 92.7, 777.97, 42.99, 96.15, 42.98, 94.38, 42.67, 42.11
7,Nov,2024,17:25:09,42.84, 91.87, 778.18, 42.51, 92.61, 778.0, 42.96, 96.09, 42.94, 94.4, 42.65, 42.09
7,Nov,2024,17:25:19,42.79, 91.91, 778.18, 42.46, 92.65, 777.99, 42.9, 96.12, 42.92, 94.32, 42.57, 42.09
7,Nov,2024,17:25:29,42.75, 91.91, 778.21, 42.43, 92.69, 778.02, 42.85, 96.14, 42.87, 94.38, 42.57, 41.97
7,Nov,2024,17:25:39,42.71, 91.93, 778.17, 42.4, 92.7, 778.01, 42.82, 96.15, 42.83, 94.42, 42.51, 41.95
7,Nov,2024,17:25:49,42.67, 91.94, 778.19, 42.34, 92.77, 778.0, 42.81, 96.15, 42.79, 94.38, 42.47, 41.93
7,Nov,2024,17:25:59,42.62, 91.99, 778.19, 42.31, 92.73, 778.01, 42.74, 96.18, 42.73, 94.37, 42.43, 41.87
7,Nov,2024,17:26:09,42.58, 91.98, 778.18, 42.26, 92.79, 777.99, 42.71, 96.19, 42.7, 94.45, 42.37, 41.85
7,Nov,2024,17:26:19,42.54, 91.99, 778.14, 42.22, 92.79, 778.02, 42.67, 96.19, 42.66, 94.42, 42.33, 41.81
7,Nov,2024,17:26:29,42.5, 92.16, 778.18, 42.18, 92.71, 778.03, 42.62, 96.18, 42.63, 94.42, 42.31, 41.81
7,Nov,2024,17:26:39,42.47, 92.15, 778.19, 42.13, 92.83, 778.01, 42.58, 96.21, 42.58, 94.4, 42.29, 41.75
7,Nov,2024,17:26:49,42.43, 92.02, 778.18, 42.1, 93.06, 777.99, 42.55, 96.23, 42.53, 94.46, 42.21, 41.67
7,Nov,2024,17:26:59,42.39, 92.08, 778.16, 42.06, 92.88, 777.98, 42.51, 96.19, 42.49, 94.45, 42.21, 41.59
7,Nov,2024,17:27:09,42.33, 92.1, 778.18, 42.02, 92.84, 778.0, 42.46, 96.19, 42.48, 94.39, 42.13, 41.65
7,Nov,2024,17:27:19,42.3, 92.13, 778.19, 41.97, 92.9, 778.01, 42.41, 96.21, 42.43, 94.43, 42.11, 41.55
7,Nov,2024,17:27:29,42.26, 92.11, 778.16, 41.94, 93.09, 778.0, 42.41, 96.22, 42.38, 94.44, 42.07, 41.55
7,Nov,2024,17:27:39,42.23, 92.1, 778.17, 41.9, 93.0, 777.96, 42.33, 96.21, 42.35, 94.47, 42.05, 41.49
7,Nov,2024,17:27:49,42.19, 92.15, 778.16, 41.86, 93.0, 777.98, 42.31, 96.24, 42.32, 94.49, 41.99, 41.47
7,Nov,2024,17:27:59,42.15, 92.16, 778.21, 41.83, 93.07, 777.98, 42.26, 96.26, 42.27, 94.49, 41.97, 41.45
7,Nov,2024,17:28:09,42.11, 92.2, 778.2, 41.79, 93.04, 778.0, 42.24, 96.25, 42.24, 94.44, 41.89, 41.39
7,Nov,2024,17:28:19,42.08, 92.22, 778.21, 41.76, 93.03, 778.0, 42.18, 96.32, 42.21, 94.48, 41.89, 41.35
7,Nov,2024,17:28:29,42.04, 92.19, 778.23, 41.71, 93.12, 778.04, 42.18, 96.25, 42.18, 94.45, 41.85, 41.31
7,Nov,2024,17:28:39,42.0, 92.23, 778.23, 41.66, 93.19, 777.98, 42.13, 96.3, 42.11, 94.49, 41.81, 41.29
7,Nov,2024,17:28:49,41.96, 92.27, 778.23, 41.64, 93.16, 778.01, 42.1, 96.32, 42.08, 94.5, 41.77, 41.21
7,Nov,2024,17:28:59,41.92, 92.29, 778.23, 41.6, 93.11, 778.02, 42.04, 96.32, 42.04, 94.51, 41.73, 41.19
7,Nov,2024,17:29:09,41.88, 92.26, 778.23, 41.55, 92.92, 778.02, 42.0, 96.28, 42.0, 94.49, 41.69, 41.17
7,Nov,2024,17:29:19,41.84, 92.29, 778.2, 41.52, 93.24, 778.01, 41.98, 96.31, 41.95, 94.54, 41.65, 41.15
7,Nov,2024,17:29:29,41.81, 92.3, 778.24, 41.48, 93.29, 778.01, 41.92, 96.32, 41.93, 94.51, 41.61, 41.09
7,Nov,2024,17:29:39,41.78, 92.38, 778.23, 41.46, 93.18, 778.0, 41.91, 96.33, 41.88, 94.51, 41.59, 41.03
7,Nov,2024,17:29:49,41.73, 92.4, 778.23, 41.4, 93.24, 778.02, 41.85, 96.35, 41.82, 94.49, 41.55, 41.03
7,Nov,2024,17:29:59,41.7, 92.37, 778.24, 41.37, 93.26, 778.03, 41.82, 96.34, 41.84, 94.55, 41.51, 41.01
7,Nov,2024,17:30:09,41.65, 92.39, 778.26, 41.34, 93.35, 778.05, 41.78, 96.37, 41.79, 94.56, 41.47, 40.97
7,Nov,2024,17:30:19,41.63, 92.39, 778.26, 41.31, 93.43, 778.01, 41.74, 96.42, 41.74, 94.57, 41.43, 40.91
7,Nov,2024,17:30:29,41.59, 92.35, 778.27, 41.27, 93.28, 778.03, 41.71, 96.35, 41.7, 94.53, 41.41, 40.91
7,Nov,2024,17:30:39,41.55, 92.39, 778.24, 41.23, 93.07, 778.08, 41.68, 96.38, 41.67, 94.53, 41.35, 40.83
7,Nov,2024,17:30:49,41.51, 92.47, 778.28, 41.19, 93.27, 778.04, 41.64, 96.37, 41.63, 94.54, 41.33, 40.81
7,Nov,2024,17:30:59,41.47, 92.49, 778.28, 41.16, 93.38, 778.08, 41.58, 96.41, 41.6, 94.62, 41.27, 40.79
7,Nov,2024,17:31:09,41.43, 92.48, 778.25, 41.13, 93.38, 778.1, 41.58, 96.42, 41.56, 94.56, 41.27, 40.65
7,Nov,2024,17:31:19,41.4, 92.49, 778.23, 41.09, 93.51, 778.06, 41.51, 96.41, 41.52, 94.57, 41.21, 40.73
7,Nov,2024,17:31:29,41.36, 92.5, 778.26, 41.05, 93.73, 778.08, 41.49, 96.49, 41.52, 94.61, 41.19, 40.67
7,Nov,2024,17:31:39,41.32, 92.56, 778.27, 41.02, 93.56, 778.1, 41.45, 96.45, 41.48, 94.6, 41.13, 40.61
7,Nov,2024,17:31:49,41.29, 92.59, 778.27, 40.98, 93.49, 778.08, 41.44, 96.45, 41.43, 94.56, 41.11, 40.63
7,Nov,2024,17:31:59,41.25, 92.57, 778.25, 40.95, 93.49, 778.08, 41.4, 96.44, 41.38, 94.58, 41.09, 40.55
7,Nov,2024,17:32:09,41.21, 92.58, 778.29, 40.92, 93.57, 778.1, 41.36, 96.46, 41.35, 94.58, 41.05, 40.53
7,Nov,2024,17:32:19,41.18, 92.64, 778.27, 40.88, 93.54, 778.08, 41.33, 96.47, 41.31, 94.63, 40.99, 40.51
7,Nov,2024,17:32:29,41.15, 92.61, 778.27, 40.84, 93.67, 778.1, 41.3, 96.45, 41.28, 94.61, 40.97, 40.45
7,Nov,2024,17:32:39,41.11, 92.62, 778.27, 40.8, 93.77, 778.12, 41.23, 96.45, 41.24, 94.6, 40.95, 40.43
7,Nov,2024,17:32:49,41.08, 92.65, 778.3, 40.77, 94.27, 778.1, 41.23, 96.46, 41.18, 94.62, 40.89, 40.39
7,Nov,2024,17:32:59,41.04, 92.64, 778.27, 40.72, 93.75, 778.1, 41.19, 96.51, 41.18, 94.64, 40.87, 40.35
7,Nov,2024,17:33:09,41.01, 92.65, 778.31, 40.68, 93.87, 778.11, 41.12, 96.49, 41.15, 94.61, 40.83, 40.35
7,Nov,2024,17:33:19,40.97, 92.66, 778.27, 40.66, 93.84, 778.1, 41.1, 96.52, 41.09, 94.66, 40.81, 40.29
7,Nov,2024,17:33:29,40.94, 92.68, 778.33, 40.62, 94.03, 778.12, 41.04, 96.53, 41.08, 94.72, 40.75, 40.25
7,Nov,2024,17:33:39,40.9, 92.75, 778.34, 40.59, 94.06, 778.13, 41.03, 96.53, 41.04, 94.67, 40.73, 40.21
7,Nov,2024,17:33:49,40.86, 92.76, 778.38, 40.55, 94.08, 778.11, 40.97, 96.55, 41.0, 94.69, 40.71, 40.19
7,Nov,2024,17:33:59,40.84, 92.71, 778.37, 40.53, 94.09, 778.12, 40.97, 96.57, 40.97, 94.72, 40.67, 40.13
7,Nov,2024,17:34:09,40.8, 92.77, 778.35, 40.49, 94.12, 778.1, 40.9, 96.54, 40.94, 94.72, 40.63, 40.11
7,Nov,2024,17:34:19,40.76, 92.79, 778.36, 40.46, 94.13, 778.13, 40.9, 96.56, 40.92, 94.68, 40.61, 40.07
7,Nov,2024,17:34:29,40.74, 92.81, 778.37, 40.43, 94.17, 778.1, 40.88, 96.56, 40.87, 94.66, 40.55, 40.09
7,Nov,2024,17:34:39,40.69, 92.82, 778.36, 40.38, 94.17, 778.09, 40.83, 96.6, 40.84, 94.71, 40.53, 40.03
7,Nov,2024,17:34:49,40.66, 92.85, 778.37, 40.34, 94.19, 778.15, 40.78, 96.62, 40.75, 94.71, 40.51, 39.99
7,Nov,2024,17:34:59,40.63, 92.86, 778.35, 40.31, 94.18, 778.13, 40.76, 96.57, 40.75, 94.69, 40.47, 39.99
7,Nov,2024,17:35:09,40.6, 92.87, 778.36, 40.28, 94.21, 778.13, 40.72, 96.62, 40.73, 94.7, 40.43, 39.91
7,Nov,2024,17:35:19,40.56, 92.89, 778.35, 40.25, 94.23, 778.13, 40.7, 96.62, 40.68, 94.79, 40.41, 39.89
7,Nov,2024,17:35:29,40.54, 92.92, 778.36, 40.22, 94.27, 778.16, 40.68, 96.61, 40.67, 94.73, 40.37, 39.85
7,Nov,2024,17:35:39,40.5, 92.9, 778.38, 40.19, 94.34, 778.1, 40.65, 96.61, 40.63, 94.72, 40.31, 39.81
7,Nov,2024,17:35:49,40.47, 92.85, 778.41, 40.16, 94.31, 778.16, 40.59, 96.63, 40.58, 94.69, 40.29, 39.81
7,Nov,2024,17:35:59,40.44, 92.95, 778.41, 40.13, 94.36, 778.14, 40.57, 96.65, 40.57, 94.66, 40.29, 39.77
7,Nov,2024,17:36:09,40.4, 92.97, 778.4, 40.09, 93.94, 778.14, 40.54, 96.63, 40.51, 94.71, 40.25, 39.75
7,Nov,2024,17:36:19,40.37, 92.98, 778.4, 40.06, 94.39, 778.15, 40.52, 96.64, 40.49, 94.69, 40.23, 39.67
7,Nov,2024,17:36:29,40.33, 92.96, 778.41, 40.01, 94.42, 778.13, 40.47, 96.66, 40.46, 94.73, 40.19, 39.71
7,Nov,2024,17:36:39,40.3, 93.0, 778.4, 40.01, 94.48, 778.14, 40.44, 96.68, 40.43, 94.74, 40.17, 39.67
7,Nov,2024,17:36:49,40.27, 93.04, 778.41, 39.97, 94.49, 778.14, 40.38, 96.67, 40.4, 94.71, 40.15, 39.59
7,Nov,2024,17:36:59,40.24, 93.07, 778.43, 39.93, 94.5, 778.13, 40.37, 96.68, 40.39, 94.76, 40.07, 39.57
7,Nov,2024,17:37:09,40.2, 93.06, 778.39, 39.9, 94.46, 778.1, 40.34, 96.68, 40.36, 94.74, 40.03, 39.55
7,Nov,2024,17:37:19,40.17, 93.03, 778.39, 39.87, 94.48, 778.13, 40.31, 96.74, 40.32, 94.72, 40.01, 39.55
7,Nov,2024,17:37:29,40.15, 93.06, 778.41, 39.85, 94.51, 778.14, 40.25, 96.7, 40.27, 94.76, 39.99, 39.51
7,Nov,2024,17:37:39,40.1, 93.12, 778.4, 39.81, 94.56, 778.11, 40.24, 96.7, 40.23, 94.74, 39.95, 39.41
7,Nov,2024,17:37:49,40.08, 93.14, 778.42, 39.78, 94.62, 778.15, 40.22, 96.71, 40.2, 94.76, 39.93, 39.41
7,Nov,2024,17:37:59,40.04, 93.12, 778.41, 39.75, 94.58, 778.15, 40.17, 96.74, 40.18, 94.76, 39.87, 39.37
7,Nov,2024,17:38:09,40.0, 93.1, 778.45, 39.7, 94.63, 778.16, 40.15, 96.75, 40.15, 94.8, 39.85, 39.37
7,Nov,2024,17:38:19,39.98, 93.17, 778.41, 39.68, 94.47, 778.16, 40.11, 96.76, 40.13, 94.78, 39.83, 39.31
7,Nov,2024,17:38:29,39.95, 93.18, 778.4, 39.65, 94.63, 778.19, 40.07, 96.74, 40.09, 94.76, 39.81, 39.31
7,Nov,2024,17:38:39,39.92, 93.2, 778.39, 39.61, 94.67, 778.17, 40.04, 96.77, 40.03, 94.75, 39.77, 39.29
7,Nov,2024,17:38:49,39.89, 93.23, 778.42, 39.59, 94.67, 778.18, 40.02, 96.72, 40.02, 94.77, 39.75, 39.23
7,Nov,2024,17:38:59,39.85, 93.23, 778.43, 39.55, 94.65, 778.21, 39.99, 96.77, 39.99, 94.8, 39.71, 39.21
7,Nov,2024,17:39:09,39.81, 93.26, 778.44, 39.53, 94.72, 778.16, 39.94, 96.78, 39.96, 94.78, 39.67, 39.19
7,Nov,2024,17:39:19,39.8, 93.25, 778.43, 39.49, 94.67, 778.14, 39.92, 96.79, 39.94, 94.74, 39.69, 39.15
7,Nov,2024,17:39:29,39.75, 93.28, 778.44, 39.47, 94.69, 778.18, 39.87, 96.78, 39.9, 94.72, 39.63, 39.15
7,Nov,2024,17:39:39,39.72, 93.3, 778.47, 39.42, 94.73, 778.16, 39.86, 96.78, 39.88, 94.75, 39.59, 39.13
7,Nov,2024,17:39:49,39.7, 93.29, 778.46, 39.4, 94.83, 778.21, 39.82, 96.81, 39.84, 94.78, 39.57, 39.09
7,Nov,2024,17:39:59,39.67, 93.27, 778.45, 39.37, 94.91, 778.17, 39.79, 96.83, 39.79, 94.78, 39.53, 39.05
7,Nov,2024,17:40:09,39.64, 93.31, 778.44, 39.34, 95.0, 778.16, 39.79, 96.81, 39.78, 94.79, 39.51, 38.97
7,Nov,2024,17:40:19,39.61, 93.35, 778.43, 39.31, 94.77, 778.19, 39.75, 96.8, 39.75, 94.79, 39.47, 38.97
7,Nov,2024,17:40:29,39.58, 93.32, 778.44, 39.27, 94.85, 778.2, 39.72, 96.8, 39.75, 94.78, 39.45, 39.01
7,Nov,2024,17:40:39,39.55, 93.33, 778.42, 39.24, 94.93, 778.2, 39.7, 96.84, 39.69, 94.78, 39.41, 38.95
7,Nov,2024,17:40:49,39.52, 93.34, 778.44, 39.22, 94.87, 778.18, 39.67, 96.84, 39.68, 94.77, 39.39, 38.93
7,Nov,2024,17:40:59,39.5, 93.39, 778.45, 39.19, 94.95, 778.21, 39.63, 96.86, 39.63, 94.79, 39.35, 38.89
7,Nov,2024,17:41:09,39.47, 93.37, 778.43, 39.16, 95.0, 778.16, 39.59, 96.84, 39.58, 94.78, 39.33, 38.81
7,Nov,2024,17:41:19,39.43, 93.38, 778.49, 39.13, 94.97, 778.2, 39.56, 96.85, 39.58, 94.76, 39.29, 38.79
7,Nov,2024,17:41:29,39.41, 93.43, 778.47, 39.11, 95.02, 778.18, 39.53, 96.88, 39.54, 94.74, 39.27, 38.75
7,Nov,2024,17:41:39,39.38, 93.42, 778.49, 39.07, 95.02, 778.19, 39.51, 96.88, 39.51, 94.71, 39.25, 38.81
7,Nov,2024,17:41:49,39.35, 93.47, 778.46, 39.05, 94.99, 778.18, 39.48, 96.84, 39.48, 94.74, 39.21, 38.69
7,Nov,2024,17:41:59,39.32, 93.48, 778.48, 39.02, 95.06, 778.18, 39.45, 96.89, 39.44, 94.77, 39.21, 38.69
7,Nov,2024,17:42:09,39.28, 93.51, 778.49, 38.99, 95.05, 778.19, 39.44, 96.89, 39.43, 94.75, 39.15, 38.69
7,Nov,2024,17:42:19,39.26, 93.47, 778.5, 38.95, 95.05, 778.18, 39.38, 96.92, 39.4, 94.74, 39.11, 38.63
7,Nov,2024,17:42:29,39.23, 93.51, 778.51, 38.92, 95.06, 778.19, 39.37, 96.9, 39.37, 94.76, 39.11, 38.63
7,Nov,2024,17:42:39,39.2, 93.5, 778.52, 38.89, 95.17, 778.19, 39.32, 96.9, 39.34, 94.74, 39.07, 38.55
7,Nov,2024,17:42:49,39.17, 93.53, 778.48, 38.87, 95.14, 778.19, 39.32, 96.91, 39.3, 94.7, 39.05, 38.53
7,Nov,2024,17:42:59,39.15, 93.55, 778.51, 38.86, 95.27, 778.19, 39.28, 96.91, 39.27, 94.74, 39.05, 38.59
7,Nov,2024,17:43:09,39.12, 93.57, 778.49, 38.82, 95.58, 778.23, 39.25, 96.92, 39.26, 94.78, 38.99, 38.53
7,Nov,2024,17:43:19,39.09, 93.53, 778.51, 38.79, 95.27, 778.22, 39.24, 96.89, 39.23, 94.72, 38.95, 38.49
7,Nov,2024,17:43:29,39.06, 93.58, 778.5, 38.76, 95.25, 778.22, 39.21, 96.92, 39.2, 94.72, 38.95, 38.41
7,Nov,2024,17:43:39,39.03, 93.62, 778.52, 38.73, 95.19, 778.23, 39.17, 96.97, 39.16, 94.72, 38.89, 38.45
7,Nov,2024,17:43:49,39.01, 93.57, 778.51, 38.7, 95.35, 778.2, 39.15, 96.99, 39.13, 94.75, 38.87, 38.41
7,Nov,2024,17:43:59,38.98, 93.62, 778.53, 38.68, 95.33, 778.23, 39.1, 96.96, 39.12, 94.75, 38.87, 38.41
7,Nov,2024,17:44:09,38.94, 93.65, 778.54, 38.66, 95.36, 778.26, 39.07, 96.99, 39.1, 94.74, 38.83, 38.37
7,Nov,2024,17:44:19,38.93, 93.72, 778.55, 38.63, 95.55, 778.29, 39.05, 96.98, 39.05, 94.77, 38.81, 38.35
7,Nov,2024,17:44:29,38.88, 93.64, 778.57, 38.6, 95.21, 778.32, 39.03, 96.99, 39.02, 94.78, 38.79, 38.29
7,Nov,2024,17:44:39,38.86, 93.6, 778.58, 38.58, 95.45, 778.31, 38.98, 97.01, 39.02, 94.77, 38.75, 38.25
7,Nov,2024,17:44:49,38.84, 93.48, 778.55, 38.55, 95.38, 778.27, 38.98, 97.0, 38.99, 94.75, 38.73, 38.27
7,Nov,2024,17:44:59,38.81, 93.72, 778.56, 38.52, 95.49, 778.31, 38.96, 97.04, 38.96, 94.79, 38.71, 38.25
7,Nov,2024,17:45:09,38.77, 93.72, 778.55, 38.5, 95.53, 778.32, 38.93, 97.0, 38.95, 94.74, 38.67, 38.21
7,Nov,2024,17:45:19,38.74, 93.74, 778.64, 38.47, 95.46, 778.35, 38.88, 97.05, 38.89, 94.75, 38.65, 38.19
7,Nov,2024,17:45:29,38.72, 93.75, 778.51, 38.44, 95.53, 778.31, 38.87, 97.02, 38.85, 94.78, 38.65, 38.19
7,Nov,2024,17:45:39,38.69, 93.77, 778.56, 38.42, 95.55, 778.3, 38.86, 97.0, 38.83, 94.75, 38.61, 38.17
7,Nov,2024,17:45:49,38.67, 93.78, 778.54, 38.38, 95.53, 778.34, 38.83, 97.04, 38.82, 94.78, 38.59, 38.11
7,Nov,2024,17:45:59,38.65, 93.81, 778.55, 38.36, 95.56, 778.32, 38.8, 97.04, 38.78, 94.72, 38.57, 38.09
7,Nov,2024,17:46:09,38.61, 93.77, 778.58, 38.32, 95.61, 778.32, 38.77, 97.05, 38.75, 94.73, 38.55, 38.05
7,Nov,2024,17:46:19,38.59, 93.93, 778.6, 38.3, 95.6, 778.33, 38.74, 97.09, 38.73, 94.74, 38.49, 38.01
7,Nov,2024,17:46:29,38.57, 93.84, 778.58, 38.27, 95.73, 778.32, 38.71, 97.04, 38.69, 94.78, 38.45, 37.99
7,Nov,2024,17:46:39,38.54, 93.84, 778.56, 38.25, 95.7, 778.34, 38.66, 97.08, 38.69, 94.75, 38.47, 38.03
7,Nov,2024,17:46:49,38.51, 93.8, 778.56, 38.23, 95.59, 778.37, 38.66, 97.1, 38.65, 94.83, 38.43, 37.93
7,Nov,2024,17:46:59,38.48, 93.88, 778.6, 38.2, 95.62, 778.35, 38.63, 97.06, 38.63, 94.78, 38.41, 37.93
7,Nov,2024,17:47:09,38.46, 93.89, 778.53, 38.18, 95.74, 778.34, 38.6, 97.08, 38.59, 94.79, 38.39, 37.95
7,Nov,2024,17:47:19,38.42, 93.89, 778.57, 38.14, 95.72, 778.34, 38.57, 97.09, 38.59, 94.78, 38.35, 37.91
7,Nov,2024,17:47:29,38.41, 93.89, 778.54, 38.11, 95.79, 778.3, 38.52, 97.11, 38.57, 94.76, 38.33, 37.85
7,Nov,2024,17:47:39,38.38, 93.91, 778.54, 38.09, 95.73, 778.29, 38.53, 97.12, 38.54, 94.82, 38.29, 37.83
7,Nov,2024,17:47:49,38.35, 93.92, 778.59, 38.07, 95.85, 778.3, 38.5, 97.1, 38.48, 94.84, 38.27, 37.77
7,Nov,2024,17:47:59,38.33, 93.93, 778.54, 38.04, 95.79, 778.3, 38.48, 97.08, 38.48, 94.79, 38.25, 37.77
7,Nov,2024,17:48:09,38.3, 93.93, 778.61, 38.01, 95.77, 778.35, 38.45, 97.11, 38.48, 94.79, 38.21, 37.77
7,Nov,2024,17:48:19,38.28, 93.97, 778.53, 37.99, 95.66, 778.29, 38.43, 97.11, 38.42, 94.81, 38.19, 37.79
7,Nov,2024,17:48:29,38.25, 93.94, 778.59, 37.97, 95.81, 778.31, 38.39, 97.16, 38.39, 94.82, 38.19, 37.75
7,Nov,2024,17:48:39,38.24, 93.98, 778.63, 37.94, 95.83, 778.36, 38.38, 97.12, 38.38, 94.82, 38.15, 37.69
7,Nov,2024,17:48:49,38.21, 94.0, 778.57, 37.92, 95.81, 778.3, 38.35, 97.15, 38.34, 94.82, 38.13, 37.63
7,Nov,2024,17:48:59,38.19, 94.07, 778.61, 37.89, 95.81, 778.33, 38.31, 97.18, 38.32, 94.83, 38.09, 37.59
7,Nov,2024,17:49:09,38.15, 94.04, 778.56, 37.87, 95.57, 778.3, 38.28, 97.16, 38.3, 94.87, 38.09, 37.61
7,Nov,2024,17:49:19,38.13, 94.05, 778.58, 37.84, 95.89, 778.32, 38.28, 97.11, 38.25, 94.83, 38.03, 37.61
7,Nov,2024,17:49:29,38.11, 94.05, 778.61, 37.82, 96.13, 778.3, 38.22, 97.16, 38.25, 94.83, 38.01, 37.53
7,Nov,2024,17:49:39,38.07, 94.06, 778.58, 37.79, 95.75, 778.32, 38.22, 97.18, 38.23, 94.86, 38.01, 37.59
7,Nov,2024,17:49:49,38.06, 94.06, 778.57, 37.77, 95.94, 778.28, 38.19, 97.18, 38.18, 94.85, 37.97, 37.55
7,Nov,2024,17:49:59,38.03, 94.07, 778.55, 37.74, 95.97, 778.31, 38.16, 97.2, 38.18, 94.82, 37.95, 37.53
7,Nov,2024,17:50:09,38.01, 94.11, 778.56, 37.72, 96.03, 778.3, 38.14, 97.16, 38.13, 94.85, 37.93, 37.49
7,Nov,2024,17:50:19,37.99, 94.08, 778.54, 37.68, 96.02, 778.27, 38.12, 97.19, 38.11, 94.83, 37.89, 37.45
7,Nov,2024,17:50:29,37.96, 94.14, 778.54, 37.66, 96.0, 778.31, 38.08, 97.21, 38.07, 94.84, 37.89, 37.43
7,Nov,2024,17:50:39,37.94, 94.2, 778.57, 37.65, 96.3, 778.29, 38.05, 97.2, 38.06, 94.88, 37.87, 37.37
7,Nov,2024,17:50:49,37.91, 94.15, 778.54, 37.61, 96.04, 778.28, 38.08, 97.22, 38.04, 94.89, 37.83, 37.37
7,Nov,2024,17:50:59,37.89, 94.18, 778.54, 37.6, 96.1, 778.27, 38.02, 97.21, 38.0, 94.85, 37.81, 37.37
7,Nov,2024,17:51:09,37.87, 94.26, 778.57, 37.57, 96.23, 778.28, 38.0, 97.21, 38.0, 94.88, 37.79, 37.33
7,Nov,2024,17:51:19,37.82, 94.2, 778.56, 37.56, 96.12, 778.3, 37.98, 97.23, 37.96, 94.91, 37.79, 37.33
7,Nov,2024,17:51:29,37.82, 94.21, 778.57, 37.53, 96.08, 778.32, 37.95, 97.24, 37.96, 94.87, 37.71, 37.21
7,Nov,2024,17:51:39,37.78, 94.22, 778.57, 37.51, 96.14, 778.31, 37.94, 97.23, 37.93, 94.88, 37.73, 37.33
7,Nov,2024,17:51:49,37.76, 94.05, 778.56, 37.49, 96.23, 778.28, 37.9, 97.24, 37.91, 94.91, 37.69, 37.27
7,Nov,2024,17:51:59,37.75, 94.29, 778.55, 37.46, 96.09, 778.3, 37.87, 97.23, 37.87, 94.89, 37.69, 37.27
7,Nov,2024,17:52:09,37.72, 94.18, 778.53, 37.44, 96.12, 778.33, 37.85, 97.26, 37.86, 94.9, 37.65, 37.21
7,Nov,2024,17:52:19,37.7, 94.13, 778.58, 37.41, 96.23, 778.29, 37.81, 97.27, 37.84, 94.92, 37.65, 37.17
7,Nov,2024,17:52:29,37.67, 94.29, 778.57, 37.39, 96.11, 778.31, 37.8, 97.26, 37.8, 94.92, 37.61, 37.17
7,Nov,2024,17:52:39,37.65, 94.34, 778.57, 37.37, 96.07, 778.29, 37.8, 97.27, 37.79, 94.97, 37.59, 37.13
7,Nov,2024,17:52:49,37.63, 94.33, 778.59, 37.34, 96.32, 778.3, 37.76, 97.32, 37.79, 94.92, 37.57, 37.11
7,Nov,2024,17:52:59,37.6, 94.29, 778.56, 37.33, 96.28, 778.3, 37.71, 97.31, 37.76, 94.94, 37.55, 37.11
7,Nov,2024,17:53:09,37.58, 94.3, 778.58, 37.3, 96.53, 778.32, 37.7, 97.31, 37.7, 94.96, 37.53, 37.09
7,Nov,2024,17:53:19,37.55, 94.34, 778.57, 37.28, 96.3, 778.31, 37.67, 97.31, 37.68, 94.94, 37.47, 37.01
7,Nov,2024,17:53:29,37.53, 94.36, 778.55, 37.24, 96.47, 778.3, 37.67, 97.32, 37.68, 94.92, 37.47, 37.03
7,Nov,2024,17:53:39,37.51, 94.37, 778.55, 37.23, 96.33, 778.25, 37.63, 97.32, 37.63, 94.91, 37.45, 37.01
7,Nov,2024,17:53:49,37.48, 94.38, 778.58, 37.2, 96.32, 778.32, 37.61, 97.37, 37.62, 94.94, 37.41, 37.05
7,Nov,2024,17:53:59,37.46, 94.39, 778.58, 37.18, 96.37, 778.32, 37.59, 97.34, 37.61, 94.96, 37.41, 36.95
7,Nov,2024,17:54:09,37.44, 94.45, 778.61, 37.17, 96.38, 778.34, 37.59, 97.34, 37.56, 94.96, 37.37, 36.89
7,Nov,2024,17:54:19,37.42, 94.42, 778.64, 37.15, 96.39, 778.32, 37.55, 97.33, 37.56, 94.93, 37.35, 36.89
7,Nov,2024,17:54:29,37.4, 94.43, 778.59, 37.12, 96.41, 778.35, 37.53, 97.34, 37.52, 95.0, 37.33, 36.89
7,Nov,2024,17:54:39,37.38, 94.45, 778.6, 37.09, 96.43, 778.29, 37.5, 97.32, 37.51, 94.92, 37.33, 36.93
7,Nov,2024,17:54:49,37.36, 94.45, 778.6, 37.07, 96.43, 778.34, 37.47, 97.37, 37.51, 94.97, 37.29, 36.87
7,Nov,2024,17:54:59,37.33, 94.68, 778.6, 37.06, 96.52, 778.33, 37.49, 97.36, 37.46, 94.97, 37.25, 36.81
7,Nov,2024,17:55:09,37.3, 94.46, 778.61, 37.03, 96.48, 778.38, 37.46, 97.36, 37.43, 94.95, 37.25, 36.81
7,Nov,2024,17:55:19,37.3, 94.54, 778.59, 37.01, 96.53, 778.38, 37.41, 97.37, 37.41, 94.99, 37.23, 36.77
7,Nov,2024,17:55:29,37.26, 94.48, 778.62, 36.98, 96.49, 778.39, 37.4, 97.37, 37.39, 94.95, 37.21, 36.73
7,Nov,2024,17:55:39,37.24, 94.48, 778.62, 36.96, 96.47, 778.4, 37.39, 97.36, 37.39, 95.03, 37.21, 36.77
7,Nov,2024,17:55:49,37.21, 94.51, 778.63, 36.94, 96.55, 778.36, 37.36, 97.38, 37.38, 95.01, 37.19, 36.71
7,Nov,2024,17:55:59,37.2, 94.67, 778.6, 36.91, 96.66, 778.4, 37.36, 97.39, 37.34, 95.0, 37.13, 36.71
7,Nov,2024,17:56:09,37.17, 94.53, 778.66, 36.89, 96.66, 778.38, 37.3, 97.42, 37.31, 95.02, 37.11, 36.69
7,Nov,2024,17:56:19,37.15, 94.56, 778.62, 36.87, 96.59, 778.37, 37.3, 97.4, 37.31, 95.01, 37.13, 36.71
7,Nov,2024,17:56:29,37.13, 94.59, 778.6, 36.86, 96.68, 778.4, 37.26, 97.43, 37.28, 95.05, 37.07, 36.69
7,Nov,2024,17:56:39,37.11, 94.48, 778.6, 36.82, 96.77, 778.35, 37.25, 97.42, 37.25, 95.05, 37.03, 36.61
7,Nov,2024,17:56:49,37.09, 94.59, 778.65, 36.79, 96.78, 778.38, 37.22, 97.44, 37.2, 95.0, 37.03, 36.61
7,Nov,2024,17:56:59,37.07, 94.55, 778.63, 36.78, 96.59, 778.42, 37.22, 97.43, 37.21, 95.0, 37.03, 36.65
7,Nov,2024,17:57:09,37.05, 94.64, 778.62, 36.76, 96.58, 778.38, 37.19, 97.45, 37.18, 95.01, 37.03, 36.61
7,Nov,2024,17:57:19,37.03, 94.56, 778.64, 36.74, 96.77, 778.4, 37.16, 97.43, 37.17, 94.99, 36.99, 36.53
7,Nov,2024,17:57:29,37.0, 94.59, 778.65, 36.72, 96.84, 778.42, 37.12, 97.43, 37.15, 95.03, 36.95, 36.55
7,Nov,2024,17:57:39,36.99, 94.56, 778.67, 36.7, 96.93, 778.42, 37.12, 97.45, 37.14, 95.08, 36.95, 36.45
7,Nov,2024,17:57:49,36.97, 94.66, 778.64, 36.68, 96.8, 778.42, 37.09, 97.44, 37.1, 95.08, 36.91, 36.49
7,Nov,2024,17:57:59,36.94, 94.66, 778.64, 36.66, 96.82, 778.42, 37.06, 97.44, 37.08, 95.1, 36.89, 36.47
7,Nov,2024,17:58:09,36.93, 94.66, 778.65, 36.64, 96.9, 778.42, 37.08, 97.47, 37.05, 95.05, 36.85, 36.39
7,Nov,2024,17:58:19,36.9, 94.69, 778.67, 36.61, 96.97, 778.39, 37.04, 97.46, 37.04, 95.02, 36.83, 36.47
7,Nov,2024,17:58:29,36.88, 94.68, 778.65, 36.59, 97.01, 778.4, 37.01, 97.48, 37.0, 95.07, 36.83, 36.39
7,Nov,2024,17:58:39,36.85, 94.73, 778.66, 36.58, 97.09, 778.4, 36.99, 97.48, 37.0, 95.11, 36.83, 36.37
7,Nov,2024,17:58:49,36.84, 94.71, 778.64, 36.56, 96.92, 778.38, 36.98, 97.47, 36.97, 95.08, 36.81, 36.37
7,Nov,2024,17:58:59,36.81, 94.73, 778.66, 36.54, 96.83, 778.4, 36.94, 97.47, 36.97, 95.09, 36.79, 36.41
7,Nov,2024,17:59:09,36.8, 94.81, 778.66, 36.52, 97.01, 778.41, 36.92, 97.49, 36.94, 95.05, 36.77, 36.39
7,Nov,2024,17:59:19,36.78, 94.47, 778.73, 36.5, 97.03, 778.43, 36.91, 97.53, 36.93, 95.09, 36.73, 36.29
7,Nov,2024,17:59:29,36.76, 94.68, 778.71, 36.48, 97.01, 778.4, 36.91, 97.53, 36.91, 95.1, 36.73, 36.29
7,Nov,2024,17:59:39,36.75, 94.79, 778.7, 36.47, 97.1, 778.41, 36.88, 97.52, 36.87, 95.09, 36.65, 36.23
7,Nov,2024,17:59:49,36.72, 94.77, 778.7, 36.45, 97.01, 778.41, 36.85, 97.51, 36.88, 95.03, 36.65, 36.31
7,Nov,2024,17:59:59,36.71, 94.75, 778.68, 36.43, 97.09, 778.41, 36.82, 97.5, 36.86, 95.1, 36.65, 36.23
7,Nov,2024,18:00:09,36.68, 94.81, 778.7, 36.41, 97.07, 778.48, 36.81, 97.5, 36.83, 95.06, 36.65, 36.23
7,Nov,2024,18:00:19,36.66, 94.74, 778.69, 36.4, 97.12, 778.43, 36.78, 97.51, 36.81, 95.1, 36.59, 36.15
7,Nov,2024,18:00:29,36.64, 94.78, 778.74, 36.38, 97.03, 778.45, 36.77, 97.51, 36.8, 95.09, 36.59, 36.17
7,Nov,2024,18:00:39,36.62, 94.87, 778.74, 36.36, 97.35, 778.45, 36.77, 97.58, 36.8, 95.13, 36.57, 36.13
7,Nov,2024,18:00:49,36.6, 94.82, 778.7, 36.33, 96.96, 778.41, 36.73, 97.56, 36.76, 95.11, 36.57, 36.13
7,Nov,2024,18:00:59,36.57, 94.83, 778.7, 36.32, 97.19, 778.44, 36.7, 97.56, 36.74, 95.1, 36.55, 36.09
7,Nov,2024,18:01:09,36.56, 94.84, 778.71, 36.3, 96.87, 778.41, 36.7, 97.57, 36.73, 95.1, 36.53, 36.09
7,Nov,2024,18:01:19,36.54, 94.87, 778.7, 36.28, 96.92, 778.41, 36.68, 97.54, 36.67, 95.09, 36.49, 36.05
7,Nov,2024,18:01:29,36.52, 94.87, 778.7, 36.26, 96.99, 778.43, 36.66, 97.59, 36.66, 95.1, 36.49, 36.05
7,Nov,2024,18:01:39,36.51, 94.83, 778.71, 36.25, 97.44, 778.46, 36.66, 97.58, 36.65, 95.12, 36.49, 36.05
7,Nov,2024,18:01:49,36.48, 94.89, 778.7, 36.23, 97.17, 778.45, 36.63, 97.6, 36.65, 95.11, 36.43, 36.01
7,Nov,2024,18:01:59,36.47, 94.97, 778.72, 36.2, 97.05, 778.42, 36.58, 97.6, 36.62, 95.14, 36.39, 36.01
7,Nov,2024,18:02:09,36.44, 94.93, 778.69, 36.18, 97.2, 778.43, 36.57, 97.55, 36.59, 95.11, 36.37, 35.97
7,Nov,2024,18:02:19,36.42, 94.75, 778.72, 36.17, 97.39, 778.45, 36.55, 97.62, 36.56, 95.13, 36.37, 35.97
7,Nov,2024,18:02:29,36.41, 94.75, 778.75, 36.14, 97.38, 778.44, 36.53, 97.6, 36.56, 95.1, 36.37, 35.91
7,Nov,2024,18:02:39,36.39, 94.87, 778.72, 36.12, 97.25, 778.44, 36.51, 97.58, 36.54, 95.15, 36.33, 35.91
7,Nov,2024,18:02:49,36.38, 95.15, 778.71, 36.11, 97.26, 778.45, 36.51, 97.6, 36.52, 95.13, 36.33, 35.91
7,Nov,2024,18:02:59,36.35, 94.94, 778.74, 36.08, 97.24, 778.44, 36.5, 97.66, 36.5, 95.15, 36.31, 35.91
7,Nov,2024,18:03:09,36.33, 94.95, 778.74, 36.07, 97.26, 778.43, 36.44, 97.6, 36.47, 95.18, 36.29, 35.89
7,Nov,2024,18:03:19,36.31, 95.03, 778.72, 36.06, 97.35, 778.44, 36.43, 97.61, 36.46, 95.16, 36.27, 35.85
7,Nov,2024,18:03:29,36.29, 95.18, 778.76, 36.03, 97.16, 778.44, 36.43, 97.63, 36.45, 95.13, 36.23, 35.83
7,Nov,2024,18:03:39,36.28, 95.19, 778.72, 36.02, 97.33, 778.47, 36.39, 97.62, 36.42, 95.2, 36.21, 35.77
7,Nov,2024,18:03:49,36.24, 95.27, 778.72, 35.99, 97.38, 778.45, 36.39, 97.64, 36.4, 95.18, 36.21, 35.81
7,Nov,2024,18:03:59,36.23, 95.04, 778.73, 35.97, 97.2, 778.49, 36.34, 97.66, 36.39, 95.16, 36.19, 35.83
7,Nov,2024,18:04:09,36.21, 94.81, 778.73, 35.96, 97.41, 778.44, 36.34, 97.68, 36.33, 95.14, 36.19, 35.83
7,Nov,2024,18:04:19,36.18, 95.02, 778.72, 35.94, 97.44, 778.48, 36.33, 97.64, 36.33, 95.16, 36.15, 35.69
7,Nov,2024,18:04:29,36.17, 95.02, 778.72, 35.92, 97.3, 778.44, 36.32, 97.67, 36.32, 95.18, 36.13, 35.77
7,Nov,2024,18:04:39,36.15, 95.04, 778.72, 35.91, 97.44, 778.43, 36.27, 97.68, 36.31, 95.16, 36.11, 35.71
7,Nov,2024,18:04:49,36.14, 95.04, 778.76, 35.87, 97.3, 778.51, 36.27, 97.64, 36.28, 95.16, 36.09, 35.69
7,Nov,2024,18:04:59,36.12, 95.02, 778.75, 35.85, 97.38, 778.5, 36.23, 97.7, 36.25, 95.16, 36.09, 35.67
7,Nov,2024,18:05:09,36.09, 95.04, 778.72, 35.84, 97.31, 778.5, 36.23, 97.71, 36.25, 95.17, 36.07, 35.69
7,Nov,2024,18:05:19,36.08, 95.0, 778.73, 35.82, 97.49, 778.51, 36.22, 97.63, 36.23, 95.21, 36.05, 35.61
7,Nov,2024,18:05:29,36.06, 95.1, 778.7, 35.8, 97.49, 778.5, 36.2, 97.67, 36.19, 95.18, 36.05, 35.67
7,Nov,2024,18:05:39,36.04, 95.07, 778.74, 35.79, 97.68, 778.52, 36.2, 97.71, 36.21, 95.19, 36.01, 35.63
7,Nov,2024,18:05:49,36.02, 95.22, 778.75, 35.77, 97.51, 778.54, 36.16, 97.73, 36.18, 95.19, 35.99, 35.59
7,Nov,2024,18:05:59,36.0, 95.13, 778.71, 35.75, 97.59, 778.5, 36.15, 97.72, 36.16, 95.18, 35.97, 35.59
7,Nov,2024,18:06:09,35.99, 95.13, 778.7, 35.73, 97.6, 778.53, 36.13, 97.72, 36.15, 95.21, 35.95, 35.55
7,Nov,2024,18:06:19,35.97, 95.14, 778.73, 35.71, 97.58, 778.52, 36.12, 97.73, 36.12, 95.19, 35.95, 35.59
7,Nov,2024,18:06:29,35.96, 95.13, 778.76, 35.69, 97.54, 778.53, 36.07, 97.72, 36.09, 95.25, 35.91, 35.51
7,Nov,2024,18:06:39,35.94, 95.15, 778.75, 35.67, 97.59, 778.52, 36.09, 97.72, 36.09, 95.25, 35.89, 35.51
7,Nov,2024,18:06:49,35.91, 95.18, 778.74, 35.66, 97.57, 778.52, 36.06, 97.76, 36.08, 95.25, 35.91, 35.51
7,Nov,2024,18:06:59,35.89, 95.14, 778.75, 35.65, 97.59, 778.49, 36.03, 97.75, 36.06, 95.22, 35.87, 35.45
7,Nov,2024,18:07:09,35.88, 95.16, 778.8, 35.62, 97.68, 778.53, 36.02, 97.7, 36.04, 95.24, 35.85, 35.47
7,Nov,2024,18:07:19,35.86, 95.21, 778.73, 35.59, 97.37, 778.52, 35.99, 97.73, 36.02, 95.23, 35.85, 35.43
7,Nov,2024,18:07:29,35.84, 95.27, 778.78, 35.57, 97.61, 778.52, 35.99, 97.76, 36.01, 95.25, 35.81, 35.39
7,Nov,2024,18:07:39,35.83, 95.41, 778.74, 35.57, 97.69, 778.52, 35.93, 97.76, 35.96, 95.27, 35.81, 35.39
7,Nov,2024,18:07:49,35.8, 95.27, 778.75, 35.56, 97.7, 778.52, 35.92, 97.76, 35.98, 95.25, 35.83, 35.43
7,Nov,2024,18:07:59,35.79, 95.33, 778.76, 35.53, 97.71, 778.52, 35.93, 97.8, 35.95, 95.25, 35.75, 35.35
7,Nov,2024,18:08:09,35.76, 95.26, 778.79, 35.51, 97.68, 778.53, 35.91, 97.79, 35.92, 95.25, 35.73, 35.35
7,Nov,2024,18:08:19,35.75, 95.24, 778.78, 35.49, 97.75, 778.54, 35.89, 97.76, 35.92, 95.28, 35.73, 35.35
7,Nov,2024,18:08:29,35.73, 95.28, 778.76, 35.48, 97.7, 778.54, 35.89, 97.76, 35.91, 95.24, 35.73, 35.35
7,Nov,2024,18:08:39,35.72, 95.28, 778.78, 35.46, 97.79, 778.55, 35.86, 97.78, 35.87, 95.22, 35.71, 35.31
7,Nov,2024,18:08:49,35.7, 95.3, 778.78, 35.45, 97.83, 778.54, 35.84, 97.8, 35.87, 95.28, 35.69, 35.27
7,Nov,2024,18:08:59,35.69, 95.19, 778.78, 35.43, 97.74, 778.56, 35.82, 97.8, 35.85, 95.28, 35.65, 35.27
7,Nov,2024,18:09:09,35.67, 95.06, 778.81, 35.41, 97.84, 778.56, 35.82, 97.77, 35.84, 95.23, 35.65, 35.27
7,Nov,2024,18:09:19,35.66, 95.1, 778.77, 35.4, 97.8, 778.58, 35.79, 97.76, 35.81, 95.26, 35.65, 35.19
7,Nov,2024,18:09:29,35.63, 95.31, 778.79, 35.38, 97.92, 778.54, 35.77, 97.82, 35.78, 95.27, 35.59, 35.21
7,Nov,2024,18:09:39,35.62, 95.39, 778.76, 35.37, 97.9, 778.54, 35.77, 97.81, 35.77, 95.27, 35.63, 35.19
7,Nov,2024,18:09:49,35.6, 95.31, 778.8, 35.34, 97.69, 778.54, 35.75, 97.84, 35.77, 95.27, 35.61, 35.19
7,Nov,2024,18:09:59,35.59, 95.36, 778.8, 35.32, 98.13, 778.55, 35.72, 97.81, 35.76, 95.25, 35.55, 35.19
7,Nov,2024,18:10:09,35.57, 95.4, 778.87, 35.32, 97.91, 778.54, 35.71, 97.78, 35.74, 95.28, 35.53, 35.13
7,Nov,2024,18:10:19,35.56, 95.36, 778.87, 35.3, 97.86, 778.57, 35.69, 97.84, 35.7, 95.3, 35.53, 35.13
7,Nov,2024,18:10:29,35.53, 95.3, 778.86, 35.28, 98.02, 778.6, 35.67, 97.84, 35.67, 95.28, 35.51, 35.13
7,Nov,2024,18:10:39,35.51, 95.3, 778.85, 35.26, 97.72, 778.59, 35.65, 97.83, 35.68, 95.25, 35.49, 35.07
7,Nov,2024,18:10:49,35.5, 95.39, 778.86, 35.25, 98.06, 778.57, 35.62, 97.82, 35.67, 95.27, 35.49, 35.09
7,Nov,2024,18:10:59,35.48, 95.34, 778.88, 35.23, 97.92, 778.57, 35.61, 97.83, 35.64, 95.31, 35.47, 35.07
7,Nov,2024,18:11:09,35.47, 95.38, 778.92, 35.21, 97.85, 778.58, 35.58, 97.82, 35.63, 95.29, 35.43, 35.07
7,Nov,2024,18:11:19,35.45, 95.39, 778.89, 35.19, 98.1, 778.59, 35.58, 97.8, 35.58, 95.29, 35.43, 34.99
7,Nov,2024,18:11:29,35.43, 95.48, 778.91, 35.16, 97.93, 778.6, 35.57, 97.82, 35.58, 95.28, 35.43, 35.05
7,Nov,2024,18:11:39,35.39, 95.46, 778.93, 35.15, 97.93, 778.57, 35.51, 97.82, 35.56, 95.28, 35.41, 34.97
7,Nov,2024,18:11:49,35.38, 95.47, 778.87, 35.12, 98.28, 778.56, 35.52, 97.82, 35.53, 95.25, 35.37, 34.99
7,Nov,2024,18:11:59,35.36, 95.45, 778.91, 35.1, 98.12, 778.64, 35.48, 97.79, 35.51, 95.27, 35.35, 34.97
7,Nov,2024,18:12:09,35.34, 95.29, 778.91, 35.08, 98.08, 778.63, 35.44, 97.77, 35.5, 95.29, 35.35, 34.91
7,Nov,2024,18:12:19,35.32, 95.38, 778.92, 35.06, 97.95, 778.59, 35.47, 97.79, 35.47, 95.23, 35.29, 34.85
7,Nov,2024,18:12:29,35.29, 95.46, 778.87, 35.03, 98.02, 778.58, 35.4, 97.78, 35.44, 95.25, 35.29, 34.91
7,Nov,2024,18:12:39,35.27, 95.42, 778.88, 35.02, 98.0, 778.61, 35.41, 97.8, 35.43, 95.24, 35.25, 34.85
7,Nov,2024,18:12:49,35.25, 95.62, 778.89, 34.98, 98.08, 778.6, 35.38, 97.8, 35.41, 95.23, 35.25, 34.83
7,Nov,2024,18:12:59,35.21, 95.4, 778.92, 34.96, 97.92, 778.59, 35.33, 97.78, 35.37, 95.25, 35.21, 34.77
7,Nov,2024,18:13:09,35.19, 95.4, 778.9, 34.94, 97.96, 778.58, 35.33, 97.79, 35.37, 95.25, 35.19, 34.77
7,Nov,2024,18:13:19,35.17, 95.49, 778.89, 34.91, 98.11, 778.59, 35.34, 97.76, 35.33, 95.26, 35.19, 34.71
7,Nov,2024,18:13:29,35.15, 95.5, 778.89, 34.88, 98.05, 778.58, 35.29, 97.81, 35.29, 95.25, 35.15, 34.71
7,Nov,2024,18:13:39,35.13, 95.58, 778.91, 34.87, 98.18, 778.57, 35.24, 97.76, 35.29, 95.22, 35.13, 34.69
7,Nov,2024,18:13:49,35.11, 95.55, 778.9, 34.84, 98.13, 778.59, 35.23, 97.79, 35.25, 95.25, 35.09, 34.69
7,Nov,2024,18:13:59,35.09, 95.58, 778.92, 34.83, 98.16, 778.59, 35.2, 97.76, 35.23, 95.29, 35.05, 34.67
7,Nov,2024,18:14:09,35.08, 95.52, 778.92, 34.81, 98.34, 778.58, 35.21, 97.77, 35.22, 95.24, 35.07, 34.67
7,Nov,2024,18:14:19,35.05, 95.5, 778.9, 34.8, 98.27, 778.59, 35.17, 97.8, 35.2, 95.24, 35.03, 34.61
7,Nov,2024,18:14:29,35.03, 95.6, 778.9, 34.76, 98.28, 778.62, 35.16, 97.81, 35.17, 95.26, 35.01, 34.55
7,Nov,2024,18:14:39,34.99, 95.57, 778.89, 34.76, 98.01, 778.58, 35.14, 97.79, 35.17, 95.31, 34.99, 34.53
7,Nov,2024,18:14:49,34.98, 95.57, 778.88, 34.73, 98.23, 778.58, 35.12, 97.83, 35.13, 95.22, 34.99, 34.53
7,Nov,2024,18:14:59,34.95, 95.54, 778.92, 34.71, 98.35, 778.61, 35.1, 97.78, 35.12, 95.21, 34.95, 34.53
7,Nov,2024,18:15:09,34.93, 95.54, 778.89, 34.69, 98.14, 778.6, 35.06, 97.78, 35.1, 95.25, 34.93, 34.51
7,Nov,2024,18:15:19,34.91, 95.56, 778.89, 34.67, 98.29, 778.58, 35.06, 97.76, 35.06, 95.23, 34.93, 34.53
7,Nov,2024,18:15:29,34.89, 95.58, 778.91, 34.64, 98.34, 778.63, 35.04, 97.8, 35.05, 95.22, 34.93, 34.53
7,Nov,2024,18:15:39,34.87, 95.53, 778.9, 34.62, 98.33, 778.62, 35.0, 97.78, 35.02, 95.29, 34.87, 34.47
7,Nov,2024,18:15:49,34.85, 95.57, 778.95, 34.61, 98.34, 778.59, 34.99, 97.79, 35.02, 95.29, 34.81, 34.39
7,Nov,2024,18:15:59,34.83, 95.59, 778.91, 34.58, 98.34, 778.59, 34.97, 97.79, 34.98, 95.29, 34.83, 34.47
7,Nov,2024,18:16:09,34.82, 95.54, 778.92, 34.56, 98.14, 778.64, 34.96, 97.78, 34.96, 95.28, 34.81, 34.43
7,Nov,2024,18:16:19,34.78, 95.39, 778.92, 34.54, 98.38, 778.62, 34.92, 97.76, 34.94, 95.27, 34.79, 34.39
7,Nov,2024,18:16:29,34.77, 95.9, 778.9, 34.51, 98.33, 778.6, 34.92, 97.82, 34.92, 95.3, 34.79, 34.43
7,Nov,2024,18:16:39,34.74, 95.58, 778.9, 34.5, 98.45, 778.61, 34.86, 97.78, 34.91, 95.29, 34.75, 34.37
7,Nov,2024,18:16:49,34.72, 95.58, 778.87, 34.47, 98.47, 778.62, 34.87, 97.81, 34.89, 95.25, 34.71, 34.31
7,Nov,2024,18:16:59,34.71, 95.57, 778.92, 34.45, 98.4, 778.62, 34.82, 97.77, 34.86, 95.26, 34.71, 34.29
7,Nov,2024,18:17:09,34.68, 95.43, 778.89, 34.44, 98.4, 778.62, 34.83, 97.82, 34.84, 95.24, 34.69, 34.25
7,Nov,2024,18:17:19,34.66, 95.54, 778.92, 34.42, 98.37, 778.67, 34.81, 97.81, 34.81, 95.26, 34.67, 34.25
7,Nov,2024,18:17:29,34.65, 95.62, 778.91, 34.38, 98.45, 778.64, 34.78, 97.78, 34.82, 95.28, 34.63, 34.25
7,Nov,2024,18:17:39,34.63, 95.61, 778.94, 34.37, 98.42, 778.67, 34.76, 97.81, 34.78, 95.29, 34.61, 34.23
7,Nov,2024,18:17:49,34.61, 95.59, 778.93, 34.34, 98.39, 778.65, 34.75, 97.78, 34.77, 95.27, 34.59, 34.17
7,Nov,2024,18:17:59,34.58, 95.6, 778.95, 34.33, 98.53, 778.65, 34.72, 97.79, 34.74, 95.28, 34.59, 34.17
7,Nov,2024,18:18:09,34.57, 95.65, 778.93, 34.31, 98.51, 778.64, 34.7, 97.84, 34.74, 95.28, 34.57, 34.17
7,Nov,2024,18:18:19,34.55, 95.69, 778.94, 34.29, 98.44, 778.64, 34.7, 97.84, 34.72, 95.3, 34.55, 34.15
7,Nov,2024,18:18:29,34.53, 95.64, 778.96, 34.28, 98.46, 778.65, 34.65, 97.83, 34.71, 95.3, 34.53, 34.17
7,Nov,2024,18:18:39,34.5, 95.66, 778.95, 34.26, 98.52, 778.67, 34.65, 97.83, 34.68, 95.29, 34.53, 34.09
7,Nov,2024,18:18:49,34.49, 95.98, 778.92, 34.23, 98.51, 778.63, 34.65, 97.82, 34.65, 95.31, 34.49, 34.09
7,Nov,2024,18:18:59,34.46, 95.91, 778.95, 34.22, 98.49, 778.65, 34.62, 97.82, 34.62, 95.27, 34.47, 34.03
7,Nov,2024,18:19:09,34.45, 95.34, 778.94, 34.2, 98.54, 778.67, 34.58, 97.83, 34.61, 95.29, 34.47, 34.07
7,Nov,2024,18:19:19,34.42, 95.78, 778.96, 34.18, 98.48, 778.64, 34.57, 97.81, 34.57, 95.24, 34.45, 34.07
7,Nov,2024,18:19:29,34.4, 95.7, 779.01, 34.15, 98.57, 778.67, 34.54, 97.83, 34.55, 95.27, 34.41, 33.99
7,Nov,2024,18:19:39,34.38, 95.61, 778.96, 34.13, 98.58, 778.65, 34.51, 97.79, 34.54, 95.27, 34.39, 33.95
7,Nov,2024,18:19:49,34.37, 95.39, 778.92, 34.1, 98.68, 778.63, 34.5, 97.81, 34.51, 95.3, 34.37, 33.95
7,Nov,2024,18:19:59,34.34, 95.49, 778.98, 34.08, 98.53, 778.67, 34.45, 97.81, 34.51, 95.29, 34.35, 33.95
7,Nov,2024,18:20:09,34.31, 96.01, 778.96, 34.06, 98.63, 778.62, 34.44, 97.8, 34.48, 95.25, 34.33, 33.87
7,Nov,2024,18:20:19,34.29, 95.73, 778.98, 34.04, 98.64, 778.62, 34.41, 97.8, 34.46, 95.28, 34.29, 33.91
7,Nov,2024,18:20:29,34.27, 95.72, 778.97, 34.02, 98.62, 778.66, 34.41, 97.79, 34.44, 95.27, 34.27, 33.85
7,Nov,2024,18:20:39,34.25, 96.03, 779.02, 34.0, 98.57, 778.66, 34.41, 97.85, 34.41, 95.3, 34.27, 33.87
7,Nov,2024,18:20:49,34.24, 95.72, 778.99, 33.99, 98.67, 778.66, 34.38, 97.85, 34.4, 95.28, 34.25, 33.83
7,Nov,2024,18:20:59,34.22, 95.74, 779.03, 33.98, 98.47, 778.7, 34.37, 97.81, 34.38, 95.32, 34.25, 33.85
7,Nov,2024,18:21:09,34.2, 95.72, 779.01, 33.95, 98.59, 778.72, 34.34, 97.87, 34.4, 95.34, 34.21, 33.83
7,Nov,2024,18:21:19,34.18, 95.76, 778.99, 33.93, 98.52, 778.7, 34.32, 97.84, 34.36, 95.3, 34.17, 33.77
7,Nov,2024,18:21:29,34.17, 95.76, 779.04, 33.92, 98.55, 778.7, 34.31, 97.86, 34.33, 95.34, 34.17, 33.83
7,Nov,2024,18:21:39,34.15, 95.76, 779.07, 33.89, 98.66, 778.71, 34.28, 97.87, 34.31, 95.35, 34.15, 33.77
7,Nov,2024,18:21:49,34.13, 95.78, 779.02, 33.88, 98.73, 778.74, 34.28, 97.86, 34.3, 95.36, 34.13, 33.79
7,Nov,2024,18:21:59,34.1, 95.76, 779.02, 33.86, 98.75, 778.73, 34.27, 97.87, 34.3, 95.32, 34.11, 33.73
7,Nov,2024,18:22:09,34.09, 95.75, 779.02, 33.84, 98.67, 778.7, 34.25, 97.87, 34.24, 95.33, 34.09, 33.73
7,Nov,2024,18:22:19,34.08, 95.78, 779.02, 33.83, 98.78, 778.71, 34.21, 97.86, 34.24, 95.35, 34.09, 33.73
7,Nov,2024,18:22:29,34.06, 95.87, 779.06, 33.81, 98.52, 778.73, 34.21, 97.83, 34.23, 95.29, 34.07, 33.69
7,Nov,2024,18:22:39,34.04, 95.8, 779.07, 33.79, 98.76, 778.76, 34.18, 97.87, 34.21, 95.33, 34.05, 33.65
7,Nov,2024,18:22:49,34.02, 95.75, 779.08, 33.77, 98.73, 778.73, 34.15, 97.84, 34.19, 95.29, 34.01, 33.65
7,Nov,2024,18:22:59,34.01, 95.81, 779.04, 33.75, 98.86, 778.72, 34.14, 97.85, 34.17, 95.35, 34.01, 33.61
7,Nov,2024,18:23:09,33.99, 95.85, 779.06, 33.74, 98.69, 778.76, 34.13, 97.86, 34.16, 95.31, 33.99, 33.61
7,Nov,2024,18:23:19,33.97, 95.82, 779.05, 33.73, 98.84, 778.76, 34.11, 97.85, 34.16, 95.32, 33.95, 33.57
7,Nov,2024,18:23:29,33.94, 95.83, 779.05, 33.7, 98.57, 778.73, 34.1, 97.87, 34.13, 95.33, 33.93, 33.61
7,Nov,2024,18:23:39,33.92, 95.79, 779.1, 33.69, 98.72, 778.74, 34.08, 97.86, 34.09, 95.34, 33.91, 33.51
7,Nov,2024,18:23:49,33.9, 95.84, 779.06, 33.67, 98.92, 778.73, 34.04, 97.88, 34.06, 95.34, 33.93, 33.55
7,Nov,2024,18:23:59,33.89, 95.84, 779.06, 33.65, 98.96, 778.73, 34.04, 97.86, 34.07, 95.34, 33.91, 33.49
7,Nov,2024,18:24:09,33.88, 95.85, 779.04, 33.63, 98.67, 778.73, 34.02, 97.88, 34.06, 95.37, 33.89, 33.55
7,Nov,2024,18:24:19,33.86, 95.84, 779.09, 33.61, 98.65, 778.73, 34.0, 97.87, 34.02, 95.36, 33.85, 33.49
7,Nov,2024,18:24:29,33.85, 95.86, 779.06, 33.58, 98.9, 778.72, 33.99, 97.86, 34.02, 95.31, 33.83, 33.41
7,Nov,2024,18:24:39,33.83, 95.91, 779.04, 33.57, 98.94, 778.73, 33.96, 97.91, 34.0, 95.35, 33.87, 33.39
7,Nov,2024,18:24:49,33.8, 95.92, 779.06, 33.55, 98.94, 778.73, 33.95, 97.9, 33.97, 95.31, 33.83, 33.43
7,Nov,2024,18:24:59,33.77, 95.85, 779.05, 33.52, 98.94, 778.76, 33.93, 97.86, 33.96, 95.38, 33.85, 33.39
7,Nov,2024,18:25:09,33.76, 95.94, 779.08, 33.52, 98.96, 778.76, 33.9, 97.88, 33.95, 95.33, 33.79, 33.39
7,Nov,2024,18:25:19,33.75, 95.66, 779.08, 33.5, 98.95, 778.76, 33.9, 97.87, 33.92, 95.35, 33.79, 33.41
7,Nov,2024,18:25:29,33.73, 95.88, 779.06, 33.48, 98.95, 778.74, 33.87, 97.92, 33.92, 95.34, 33.73, 33.39
7,Nov,2024,18:25:39,33.71, 95.84, 779.05, 33.46, 99.0, 778.72, 33.87, 97.91, 33.89, 95.32, 33.73, 33.29
7,Nov,2024,18:25:49,33.68, 95.9, 779.07, 33.45, 99.02, 778.69, 33.83, 97.89, 33.86, 95.33, 33.73, 33.33
7,Nov,2024,18:25:59,33.66, 95.96, 779.09, 33.43, 98.92, 778.73, 33.84, 97.89, 33.83, 95.36, 33.69, 33.27
7,Nov,2024,18:26:09,33.65, 95.9, 779.1, 33.41, 99.14, 778.74, 33.8, 97.92, 33.82, 95.39, 33.65, 33.29
7,Nov,2024,18:26:19,33.63, 95.94, 779.09, 33.4, 99.05, 778.74, 33.77, 97.94, 33.82, 95.35, 33.65, 33.27
7,Nov,2024,18:26:29,33.61, 95.97, 779.11, 33.38, 99.02, 778.75, 33.77, 97.9, 33.79, 95.35, 33.63, 33.21
7,Nov,2024,18:26:39,33.59, 95.94, 779.11, 33.36, 99.02, 778.74, 33.79, 97.9, 33.75, 95.34, 33.61, 33.27
7,Nov,2024,18:26:49,33.57, 95.89, 779.08, 33.34, 99.09, 778.76, 33.75, 97.92, 33.73, 95.36, 33.61, 33.21
7,Nov,2024,18:26:59,33.55, 96.0, 779.07, 33.34, 99.33, 778.78, 33.73, 97.91, 33.73, 95.37, 33.61, 33.19
7,Nov,2024,18:27:09,33.54, 95.91, 779.12, 33.31, 99.16, 778.79, 33.73, 97.95, 33.72, 95.37, 33.53, 33.19
7,Nov,2024,18:27:19,33.52, 96.02, 779.09, 33.29, 99.18, 778.79, 33.66, 97.91, 33.71, 95.36, 33.55, 33.17
7,Nov,2024,18:27:29,33.51, 95.96, 779.12, 33.28, 99.25, 778.83, 33.66, 97.94, 33.69, 95.37, 33.55, 33.17
7,Nov,2024,18:27:39,33.48, 95.98, 779.08, 33.27, 99.22, 778.8, 33.68, 97.88, 33.66, 95.33, 33.53, 33.13
7,Nov,2024,18:27:49,33.47, 95.9, 779.09, 33.23, 99.31, 778.8, 33.62, 97.91, 33.66, 95.37, 33.49, 33.11
7,Nov,2024,18:27:59,33.45, 96.07, 779.1, 33.21, 99.09, 778.81, 33.6, 97.92, 33.61, 95.36, 33.45, 33.05
7,Nov,2024,18:28:09,33.44, 95.89, 779.08, 33.21, 99.21, 778.81, 33.59, 97.88, 33.62, 95.37, 33.47, 33.03
7,Nov,2024,18:28:19,33.42, 96.21, 779.09, 33.18, 99.11, 778.76, 33.58, 97.89, 33.59, 95.36, 33.45, 33.05
7,Nov,2024,18:28:29,33.4, 96.02, 779.09, 33.16, 99.24, 778.78, 33.56, 97.88, 33.58, 95.36, 33.41, 33.05
7,Nov,2024,18:28:39,33.39, 95.99, 779.07, 33.15, 99.59, 778.77, 33.52, 97.95, 33.55, 95.36, 33.41, 33.05
7,Nov,2024,18:28:49,33.37, 96.04, 779.06, 33.12, 99.26, 778.77, 33.52, 97.92, 33.54, 95.38, 33.41, 32.99
7,Nov,2024,18:28:59,33.35, 95.99, 779.1, 33.1, 99.27, 778.78, 33.49, 97.93, 33.52, 95.37, 33.37, 32.95
7,Nov,2024,18:29:09,33.34, 95.95, 779.08, 33.08, 99.31, 778.81, 33.48, 97.92, 33.49, 95.37, 33.33, 32.97
7,Nov,2024,18:29:19,33.3, 96.04, 779.11, 33.07, 99.3, 778.79, 33.45, 97.92, 33.48, 95.39, 33.33, 32.97
7,Nov,2024,18:29:29,33.29, 95.98, 779.1, 33.05, 99.4, 778.78, 33.46, 97.93, 33.47, 95.36, 33.31, 32.89
7,Nov,2024,18:29:39,33.27, 95.94, 779.09, 33.04, 99.3, 778.73, 33.42, 97.93, 33.45, 95.36, 33.27, 32.97
7,Nov,2024,18:29:49,31.84, 94.72, 779.06, 31.25, 96.6, 778.8, 31.6, 75.01, 31.4, 74.99, 32.57, 28.39
7,Nov,2024,18:29:59,30.63, 93.35, 779.09, 29.84, 95.43, 778.76, 30.4, 67.57, 30.12, 67.97, 31.65, 28.17
7,Nov,2024,18:30:09,29.78, 92.03, 779.12, 28.82, 93.27, 778.73, 29.57, 59.46, 29.36, 60.35, 30.81, 26.49
7,Nov,2024,18:30:19,28.94, 90.39, 779.08, 27.93, 89.74, 778.72, 28.81, 57.22, 28.57, 58.08, 29.99, 25.73
7,Nov,2024,18:30:29,28.24, 88.34, 779.07, 27.26, 83.41, 778.68, 28.14, 56.27, 27.93, 57.17, 29.27, 24.93
7,Nov,2024,18:30:39,27.58, 85.32, 779.03, 26.68, 71.95, 778.68, 27.59, 55.4, 27.31, 56.11, 28.55, 24.29
7,Nov,2024,18:30:49,27.05, 81.51, 779.01, 26.25, 64.28, 778.63, 27.1, 55.33, 26.9, 56.14, 27.93, 23.81
7,Nov,2024,18:30:59,26.56, 77.77, 779.03, 25.8, 59.47, 778.64, 26.63, 55.14, 26.46, 55.81, 27.37, 23.47
7,Nov,2024,18:31:09,26.15, 73.9, 779.02, 25.5, 56.13, 778.64, 26.27, 55.04, 26.11, 55.59, 26.81, 23.11
7,Nov,2024,18:31:19,25.82, 70.64, 779.04, 25.26, 53.83, 778.68, 25.97, 54.48, 25.86, 55.08, 26.37, 22.59
7,Nov,2024,18:31:29,25.54, 67.68, 778.98, 25.04, 53.24, 778.63, 25.72, 54.93, 25.62, 55.38, 25.97, 22.71
7,Nov,2024,18:31:39,25.31, 65.31, 778.95, 24.86, 51.86, 778.69, 25.46, 55.03, 25.43, 55.32, 25.65, 22.17
7,Nov,2024,18:31:49,24.97, 63.31, 778.92, 24.53, 51.3, 778.65, 25.14, 54.62, 25.1, 54.99, 25.27, 22.07
7,Nov,2024,18:31:59,24.82, 61.87, 778.92, 24.44, 51.25, 778.65, 25.0, 55.01, 24.97, 55.26, 24.99, 22.05
7,Nov,2024,18:32:09,24.67, 60.49, 778.91, 24.33, 50.84, 778.67, 24.87, 55.28, 24.86, 55.54, 24.75, 21.91
7,Nov,2024,18:32:19,24.55, 59.4, 778.94, 24.28, 50.57, 778.66, 24.76, 55.31, 24.78, 55.46, 24.55, 21.97
7,Nov,2024,18:32:29,24.46, 58.26, 778.93, 24.23, 49.53, 778.68, 24.69, 55.05, 24.71, 55.25, 24.35, 21.85
7,Nov,2024,18:32:39,24.33, 56.99, 778.95, 24.07, 48.64, 778.72, 24.55, 54.54, 24.57, 54.72, 24.17, 21.57
7,Nov,2024,18:32:49,24.23, 56.03, 778.9, 24.0, 48.61, 778.67, 24.47, 54.44, 24.52, 54.62, 24.05, 21.71
7,Nov,2024,18:32:59,24.19, 55.38, 778.93, 24.02, 48.52, 778.69, 24.43, 54.44, 24.52, 54.57, 23.93, 21.67
7,Nov,2024,18:33:09,24.15, 54.88, 778.9, 23.98, 48.23, 778.7, 24.38, 54.4, 24.46, 54.54, 23.81, 21.61
7,Nov,2024,18:33:19,24.08, 54.08, 778.91, 23.9, 47.85, 778.69, 24.32, 54.32, 24.38, 54.38, 23.75, 21.55
7,Nov,2024,18:33:29,24.01, 53.54, 778.93, 23.82, 47.47, 778.67, 24.24, 53.98, 24.29, 54.08, 23.65, 21.57
7,Nov,2024,18:33:39,23.94, 52.91, 778.94, 23.77, 47.17, 778.67, 24.18, 53.97, 24.23, 54.07, 23.59, 21.61
7,Nov,2024,18:33:49,23.87, 52.45, 778.97, 23.71, 47.04, 778.68, 24.11, 53.95, 24.18, 54.02, 23.49, 21.57
7,Nov,2024,18:33:59,23.84, 52.39, 778.97, 23.71, 47.43, 778.68, 24.11, 54.11, 24.18, 54.18, 23.45, 21.71
7,Nov,2024,18:34:09,23.79, 51.68, 778.96, 23.63, 46.83, 778.69, 24.03, 53.92, 24.09, 53.98, 23.43, 21.45
7,Nov,2024,18:34:19,23.74, 51.59, 778.92, 23.59, 46.8, 778.63, 23.99, 53.91, 24.04, 53.97, 23.37, 21.67
7,Nov,2024,18:34:29,23.74, 51.11, 778.96, 23.61, 46.74, 778.66, 24.0, 53.83, 24.05, 53.87, 23.39, 21.73
7,Nov,2024,18:34:39,23.73, 51.01, 778.98, 23.59, 46.4, 778.67, 23.96, 53.75, 24.05, 53.83, 23.43, 21.73
7,Nov,2024,18:34:49,23.7, 50.65, 779.0, 23.57, 46.24, 778.68, 23.96, 53.75, 24.04, 53.77, 23.39, 21.63
7,Nov,2024,18:34:59,23.71, 50.34, 778.98, 23.61, 46.16, 778.68, 23.97, 53.51, 24.07, 53.57, 23.43, 21.83
7,Nov,2024,18:35:09,23.71, 50.11, 778.96, 23.6, 45.82, 778.65, 23.97, 53.31, 24.05, 53.37, 23.45, 21.83
7,Nov,2024,18:35:19,23.65, 49.65, 779.0, 23.48, 45.4, 778.7, 23.87, 52.92, 23.95, 53.04, 23.43, 21.67
7,Nov,2024,18:35:29,23.65, 49.59, 779.0, 23.53, 45.42, 778.7, 23.9, 53.03, 23.98, 53.21, 23.47, 21.97
7,Nov,2024,18:35:39,23.66, 49.23, 778.99, 23.54, 45.2, 778.73, 23.9, 52.94, 24.0, 53.05, 23.45, 21.97
7,Nov,2024,18:35:49,23.69, 48.94, 778.99, 23.59, 45.26, 778.73, 23.93, 52.8, 24.01, 52.99, 23.51, 22.19
7,Nov,2024,18:35:59,23.73, 48.94, 779.02, 23.66, 44.88, 778.69, 24.0, 52.72, 24.11, 52.84, 23.59, 22.19
7,Nov,2024,18:36:09,23.74, 48.31, 779.03, 23.67, 44.59, 778.69, 24.0, 52.51, 24.09, 52.68, 23.63, 22.29
7,Nov,2024,18:36:19,23.75, 47.95, 779.03, 23.67, 44.46, 778.69, 24.01, 52.22, 24.11, 52.43, 23.63, 22.43
7,Nov,2024,18:36:29,23.76, 47.81, 779.06, 23.68, 43.86, 778.76, 24.01, 51.98, 24.09, 52.2, 23.65, 22.25
7,Nov,2024,18:36:39,23.73, 47.44, 779.06, 23.64, 43.89, 778.72, 24.03, 51.66, 24.07, 51.86, 23.69, 22.53
7,Nov,2024,18:36:49,23.77, 47.26, 779.02, 23.69, 43.69, 778.74, 24.03, 51.93, 24.11, 52.13, 23.71, 22.69
7,Nov,2024,18:36:59,23.8, 47.05, 779.05, 23.73, 43.67, 778.68, 24.05, 51.85, 24.15, 51.99, 23.75, 22.77
7,Nov,2024,18:37:09,23.83, 46.75, 779.07, 23.76, 43.43, 778.74, 24.1, 51.5, 24.19, 51.77, 23.81, 22.83
7,Nov,2024,18:37:19,23.82, 46.43, 779.05, 23.75, 43.32, 778.71, 24.07, 51.22, 24.16, 51.45, 23.81, 22.99
7,Nov,2024,18:37:29,23.85, 46.53, 779.09, 23.78, 43.08, 778.72, 24.12, 51.28, 24.21, 51.53, 23.87, 23.05
7,Nov,2024,18:37:39,23.86, 46.06, 779.12, 23.79, 43.13, 778.71, 24.12, 51.08, 24.21, 51.37, 23.87, 22.93
7,Nov,2024,18:37:49,23.84, 45.88, 779.06, 23.74, 43.14, 778.7, 24.11, 51.04, 24.16, 51.33, 23.93, 23.17
7,Nov,2024,18:37:59,23.81, 45.76, 779.09, 23.68, 42.7, 778.69, 24.05, 50.61, 24.13, 50.96, 23.91, 23.11
7,Nov,2024,18:38:09,23.8, 45.76, 779.11, 23.69, 42.93, 778.7, 24.08, 50.79, 24.12, 51.16, 23.93, 23.39
7,Nov,2024,18:38:19,23.96, 45.04, 779.11, 23.85, 41.66, 778.76, 24.28, 50.76, 24.3, 50.81, 23.97, 23.39
7,Nov,2024,18:38:29,24.42, 44.76, 779.15, 24.6, 40.88, 778.79, 24.7, 49.3, 24.74, 49.57, 23.97, 23.33
7,Nov,2024,18:38:39,24.34, 43.92, 779.17, 24.33, 40.88, 778.86, 24.75, 48.48, 24.62, 49.4, 23.97, 23.39
7,Nov,2024,18:38:49,24.22, 44.89, 779.25, 24.24, 43.74, 778.85, 24.69, 49.54, 24.59, 50.94, 23.99, 23.45
7,Nov,2024,18:38:59,24.2, 46.14, 779.26, 24.27, 43.91, 778.89, 24.67, 52.15, 24.62, 52.48, 23.99, 23.63
7,Nov,2024,18:39:09,24.15, 46.36, 779.21, 24.19, 44.08, 778.87, 24.63, 51.15, 24.6, 52.01, 23.99, 23.57
7,Nov,2024,18:39:19,24.11, 46.38, 779.23, 24.15, 43.45, 778.9, 24.63, 50.84, 24.59, 51.33, 24.03, 23.57
7,Nov,2024,18:39:29,24.08, 46.41, 779.27, 24.12, 43.69, 778.89, 24.55, 51.33, 24.55, 51.13, 24.07, 23.65
7,Nov,2024,18:39:39,24.04, 46.7, 779.28, 24.1, 42.92, 778.88, 24.55, 51.92, 24.5, 51.0, 24.09, 23.75
7,Nov,2024,18:39:49,24.04, 47.29, 779.28, 24.08, 43.75, 778.93, 24.54, 52.23, 24.49, 52.16, 24.07, 23.85
7,Nov,2024,18:39:59,24.03, 46.72, 779.24, 24.07, 42.62, 778.88, 24.51, 51.37, 24.49, 50.66, 24.07, 23.91
7,Nov,2024,18:40:09,24.03, 46.31, 779.21, 24.07, 42.6, 778.9, 24.51, 50.56, 24.48, 50.22, 24.09, 23.85
7,Nov,2024,18:40:19,24.04, 46.24, 779.26, 24.07, 42.28, 778.86, 24.52, 50.13, 24.48, 50.28, 24.11, 23.97
7,Nov,2024,18:40:29,24.03, 45.86, 779.26, 24.07, 41.89, 778.9, 24.49, 49.59, 24.49, 49.79, 24.09, 23.91
